state_ut,snapshot_date,reporting_period,received,disposed,pending_0_60,pending_61_180,pending_181_365,pending_over_365,pending_total,source
NCT of Delhi,2026-09-25,01/01/2026-25/09/2026,43031,27521,8817,5970,723,0,15510,https://pgportal.gov.in/darpgdashboard
Union Territory of Andaman & Nicobar,2026-09-25,01/01/2026-25/09/2026,1018,956,59,3,0,0,62,https://pgportal.gov.in/darpgdashboard
Andhra Pradesh,2026-09-25,01/01/2026-25/09/2026,16273,10442,2578,2936,317,0,5831,https://pgportal.gov.in/darpgdashboard
Arunachal Pradesh,2026-09-25,01/01/2026-25/09/2026,423,209,90,96,28,0,214,https://pgportal.gov.in/darpgdashboard
Assam,2026-09-25,01/01/2026-25/09/2026,7613,4675,1335,1151,452,0,2938,https://pgportal.gov.in/darpgdashboard
Bihar,2026-09-25,01/01/2026-25/09/2026,37888,26379,8277,2280,952,0,11509,https://pgportal.gov.in/darpgdashboard
Union Territory of Chandigarh,2026-09-25,01/01/2026-25/09/2026,3129,2917,186,23,3,0,212,https://pgportal.gov.in/darpgdashboard
Chattisgarh,2026-09-25,01/01/2026-25/09/2026,11512,5861,2460,2346,845,0,5651,https://pgportal.gov.in/darpgdashboard
Union Territory of Dadra & Nagar Haveli,2026-09-25,01/01/2026-25/09/2026,165,59,44,35,27,0,106,https://pgportal.gov.in/darpgdashboard
Union Territory of Daman & Diu,2026-09-25,01/01/2026-25/09/2026,290,60,61,113,56,0,230,https://pgportal.gov.in/darpgdashboard
Gujarat,2026-09-25,01/01/2026-25/09/2026,52201,47207,4205,680,109,0,4994,https://pgportal.gov.in/darpgdashboard
Goa,2026-09-25,01/01/2026-25/09/2026,1343,881,195,184,83,0,462,https://pgportal.gov.in/darpgdashboard
Himachal Pradesh,2026-09-25,01/01/2026-25/09/2026,3680,1090,780,1142,668,0,2590,https://pgportal.gov.in/darpgdashboard
Haryana,2026-09-25,01/01/2026-25/09/2026,46104,33337,7300,4046,1421,0,12767,https://pgportal.gov.in/darpgdashboard
Jharkhand,2026-09-25,01/01/2026-25/09/2026,17362,12951,2654,1267,490,0,4411,https://pgportal.gov.in/darpgdashboard
Union Territory of Jammu and Kashmir,2026-09-25,01/01/2026-25/09/2026,8164,1644,1667,3789,1064,0,6520,https://pgportal.gov.in/darpgdashboard
Kerala,2026-09-25,01/01/2026-25/09/2026,6301,5204,542,465,90,0,1097,https://pgportal.gov.in/darpgdashboard
Karnataka,2026-09-25,01/01/2026-25/09/2026,28109,22355,3428,1689,637,0,5754,https://pgportal.gov.in/darpgdashboard
Union Territory of Lakshadweep,2026-09-25,01/01/2026-25/09/2026,99,71,17,6,5,0,28,https://pgportal.gov.in/darpgdashboard
Union Territory of Ladakh,2026-09-25,01/01/2026-25/09/2026,120,21,32,51,16,0,99,https://pgportal.gov.in/darpgdashboard
Meghalaya,2026-09-25,01/01/2026-25/09/2026,248,63,65,96,24,0,185,https://pgportal.gov.in/darpgdashboard
Maharashtra,2026-09-25,01/01/2026-25/09/2026,46447,24024,9683,9471,3269,0,22423,https://pgportal.gov.in/darpgdashboard
Manipur,2026-09-25,01/01/2026-25/09/2026,602,14,215,240,133,0,588,https://pgportal.gov.in/darpgdashboard
Madhya Pradesh,2026-09-25,01/01/2026-25/09/2026,41199,30443,6772,3136,848,0,10756,https://pgportal.gov.in/darpgdashboard
Mizoram,2026-09-25,01/01/2026-25/09/2026,136,105,28,2,1,0,31,https://pgportal.gov.in/darpgdashboard
Nagaland,2026-09-25,01/01/2026-25/09/2026,134,13,33,60,28,0,121,https://pgportal.gov.in/darpgdashboard
Odisha,2026-09-25,01/01/2026-25/09/2026,14643,8720,3204,1952,767,0,5923,https://pgportal.gov.in/darpgdashboard
Punjab,2026-09-25,01/01/2026-25/09/2026,16260,10323,2344,2510,1083,0,5937,https://pgportal.gov.in/darpgdashboard
Union Territory of Puducherry,2026-09-25,01/01/2026-25/09/2026,1729,1460,217,37,15,0,269,https://pgportal.gov.in/darpgdashboard
Rajasthan,2026-09-25,01/01/2026-25/09/2026,40656,37319,2842,245,250,0,3337,https://pgportal.gov.in/darpgdashboard
Sikkim,2026-09-25,01/01/2026-25/09/2026,155,110,28,14,3,0,45,https://pgportal.gov.in/darpgdashboard
Telangana,2026-09-25,01/01/2026-25/09/2026,9786,9455,317,9,5,0,331,https://pgportal.gov.in/darpgdashboard
Tamil Nadu,2026-09-25,01/01/2026-25/09/2026,25081,18819,3127,2233,902,0,6262,https://pgportal.gov.in/darpgdashboard
Tripura,2026-09-25,01/01/2026-25/09/2026,1612,1317,182,82,31,0,295,https://pgportal.gov.in/darpgdashboard
Uttarakhand,2026-09-25,01/01/2026-25/09/2026,13212,11957,1041,139,75,0,1255,https://pgportal.gov.in/darpgdashboard
Uttar Pradesh,2026-09-25,01/01/2026-25/09/2026,265155,238896,23895,1707,657,0,26259,https://pgportal.gov.in/darpgdashboard
West Bengal,2026-09-25,01/01/2026-25/09/2026,22076,3113,7934,9279,1750,0,18963,https://pgportal.gov.in/darpgdashboard